sep=,
total_time,total_gflop,total_memory_gb,total_gflops,total_ai
95.5996186,58.90901,947.791810292,0.616205491849,0.0621539554998
