sep=,
total_time,total_gflop,total_memory_gb,total_gflops,total_ai
70.9399935,120.06453,480.697935135,1.69248013816,0.249771262209
