sep=,
total_time,total_gflop,total_memory_gb,total_gflops,total_ai
235.0193182,1580.06432,6640.65227781,6.72312528222,0.237938120218
