sep=,
total_time,total_gflop,total_memory_gb,total_gflops,total_ai
259.58440801,194.6259797,3292.48297738,0.749759899649,0.0591122204844
