sep=,
total_time,total_gflop,total_memory_gb,total_gflops,total_ai
99.01997155,1000.42484,5018.46025046,10.1032632543,0.199348961648
