sep=,
total_time,total_gflop,total_memory_gb,total_gflops,total_ai
17.8400184,150.003980002,810.035220954,8.40828617094,0.18518204656
