sep=,
total_time,total_gflop,total_memory_gb,total_gflops,total_ai
100.09041464,138.54370801,1616.55167988,1.3841855737,0.0857032346906
